Set,Loss,Mean Absolute Error,Mean Bbox Iou
Train,0.018746541813015938,0.10261383652687073,0.4435712695121765
Val,0.018666468560695648,0.10242810100317001,0.44226837158203125
