Set,Loss,Mean Absolute Error,Mean Bbox Iou
Train,0.01887049525976181,0.10291404277086258,0.44675907492637634
Val,0.018868090584874153,0.10286492854356766,0.4448634088039398
