Set,Loss,Mean Absolute Error,Mean Bbox Iou
Train,0.001025110948830843,0.022925175726413727,0.8040808439254761
Val,0.00112031283788383,0.023290224373340607,0.8017591834068298
