Set,Loss,Mean Absolute Error,Mean Bbox Iou
Train,0.018735315650701523,0.10262102633714676,0.43933194875717163
Val,0.018618833273649216,0.10234302282333374,0.4381735026836395
