Set,Binary Accuracy,Precision,Recall,True Negatives,False Positives,False Negatives,True Positives
Train,0.9024062752723694,0.9801737666130066,0.8221225738525391,15677.0,267.0,2856.0,13200.0
Val,0.9050937294960022,0.9822697639465332,0.8242310285568237,15833.0,237.0,2800.0,13130.0
