Set,Binary Accuracy,Precision,Recall,True Negatives,False Positives,False Negatives,True Positives
Train,0.924953125,0.9478346780833196,0.89940625,30416,1584,3219,28781
Val,0.924515625,0.9464033387006671,0.9,30369,1631,3200,28800
