Set,Triplet Loss Mean,Triplet Loss Std,Pos Dist Mean,Pos Dist Std,Neg Dist Mean,Neg Dist Std
Train,0.36833488941192627,0.3087458908557892,1.1719069480895996,0.3444260060787201,1.841321587562561,0.11144673824310303
Val,0.37236544489860535,0.3057563602924347,1.1767897605895996,0.3407318592071533,1.8401516675949097,0.11116131395101547
