Set,Pos Dist Mean,Neg Dist Mean,Triplet Loss Mean
Train,1.1788898706436157,1.841119647026062,0.37435534596443176
Val,1.1781127452850342,1.8397427797317505,0.37368786334991455
