Set,Loss,Mean Absolute Error,Mean Bbox Iou
Train,0.00033809931483119726,0.012510486878454685,0.8844173550605774
Val,0.00042688139365054667,0.013032457791268826,0.8808426856994629
