Set,Loss,Mean Absolute Error,Mean Bbox Iou
Train,0.0018831570632755756,0.0304641742259264,0.7573024034500122
Val,0.0020464700646698475,0.031030865386128426,0.7532591819763184
