Set,Loss,Mean Absolute Error,Mean Bbox Iou
Train,0.01866924948990345,0.10235635191202164,0.4454130530357361
Val,0.018726211041212082,0.10243868082761765,0.4432438015937805
