Set,Loss,Mean Absolute Error,Mean Bbox Iou
Train,0.0010536507470533252,0.022444505244493484,0.808746337890625
Val,0.0010358658619225025,0.02218625508248806,0.8097378015518188
