Set,Loss,Mean Absolute Error,Mean Bbox Iou
Train,0.0005579583812505007,0.016214542090892792,0.8544492125511169
Val,0.0005803980166092515,0.016335422173142433,0.8534370064735413
