Set,Loss,Mean Absolute Error,Mean Bbox Iou
Train,0.000699247291777283,0.018545975908637047,0.836384117603302
Val,0.0007411198457702994,0.018625041469931602,0.8354279398918152
