Set,Loss,Mean Absolute Error,Mean Bbox Iou
Train,0.0005421281675808132,0.015870939940214157,0.8575448989868164
Val,0.0006855816463939846,0.01681641675531864,0.8516016006469727
