Set,Loss,Mean Absolute Error,Mean Bbox Iou
Train,0.0186812374740839,0.10242941975593567,0.4415540099143982
Val,0.018544474616646767,0.10204599052667618,0.44101643562316895
