Set,Loss,Mean Absolute Error,Mean Bbox Iou
Train,0.01869591884315014,0.10241833329200745,0.44442009925842285
Val,0.018663864582777023,0.1023593321442604,0.4427551031112671
