Set,Loss,Mean Absolute Error,Mean Bbox Iou
Train,0.0006709437584504485,0.017639270052313805,0.8453081250190735
Val,0.0007229811744764447,0.017750421538949013,0.8445175290107727
