Set,Loss,Mean Absolute Error,Mean Bbox Iou
Train,0.018712813034653664,0.10258528590202332,0.4417645037174225
Val,0.01865447498857975,0.1023503988981247,0.44089627265930176
