Set,Loss,Mean Absolute Error,Mean Bbox Iou
Train,0.01908007450401783,0.10346228629350662,0.44815096259117126
Val,0.0190789345651865,0.10338832437992096,0.4460137188434601
