Set,Loss,Mean Absolute Error,Mean Bbox Iou
Train,0.0005252278060652316,0.01597357913851738,0.8551656603813171
Val,0.0005719022010453045,0.01623336225748062,0.8525761961936951
