Set,Loss,Mean Absolute Error,Mean Bbox Iou
Train,0.0006161900819279253,0.0169611144810915,0.8498222231864929
Val,0.0006988628883846104,0.017413899302482605,0.8467495441436768
