Set,Loss,Mean Absolute Error,Mean Bbox Iou
Train,0.0006681373924948275,0.01829303801059723,0.8372162580490112
Val,0.000814149621874094,0.019657829776406288,0.8283212780952454
