Set,Loss,Mean Absolute Error,Mean Bbox Iou
Train,0.00029750660178251565,0.011859920807182789,0.889542281627655
Val,0.0003763483837246895,0.0124594671651721,0.8850634694099426
