Set,Loss,Mean Absolute Error,Mean Bbox Iou
Train,0.0003010295331478119,0.011654362082481384,0.8929780721664429
Val,0.00036348903086036444,0.012044637463986874,0.8899868726730347
