Set,Loss,Mean Absolute Error,Mean Bbox Iou
Train,0.0007352357497438788,0.018736857920885086,0.8357939720153809
Val,0.0008629488293081522,0.019286872819066048,0.8327078223228455
