Set,Loss,Mean Absolute Error,Mean Bbox Iou
Train,0.018562626093626022,0.10212863981723785,0.44296014308929443
Val,0.018598655238747597,0.102190300822258,0.44138917326927185
