Set,Loss,Mean Absolute Error,Mean Bbox Iou
Train,0.0003980916226282716,0.01367948018014431,0.8747634887695312
Val,0.0005282781203277409,0.01475526299327612,0.8672386407852173
