Set,Loss,Mean Absolute Error,Mean Bbox Iou
Train,0.018595872446894646,0.10224580764770508,0.4413272738456726
Val,0.018611162900924683,0.102230004966259,0.43926993012428284
