Set,Loss,Mean Absolute Error,Mean Bbox Iou
Train,0.018776768818497658,0.10283777862787247,0.44399601221084595
Val,0.01868041418492794,0.10247181355953217,0.44298055768013
