Set,Loss,Mean Absolute Error,Mean Bbox Iou
Train,0.018639983609318733,0.10226854681968689,0.4434463679790497
Val,0.018628036603331566,0.10225173830986023,0.4416564106941223
