Set,Loss,Mean Absolute Error,Mean Bbox Iou
Train,0.01874433644115925,0.10260067135095596,0.44000744819641113
Val,0.01858089677989483,0.10216941684484482,0.43980643153190613
