Set,Loss,Mean Absolute Error,Mean Bbox Iou
Train,0.000464668613858521,0.01513067726045847,0.862772524356842
Val,0.0005221937317401171,0.01547987200319767,0.8600942492485046
