Set,Loss,Mean Absolute Error,Mean Bbox Iou
Train,0.0007231290801428258,0.019253116101026535,0.8317200541496277
Val,0.0012885137693956494,0.023378754034638405,0.8054893612861633
