Set,Loss,Mean Absolute Error,Mean Bbox Iou
Train,0.018835796043276787,0.10280480980873108,0.4454689919948578
Val,0.018761862069368362,0.10259491205215454,0.4443383514881134
