Set,Loss,Mean Absolute Error,Mean Bbox Iou
Train,0.0008461432880721986,0.020379479974508286,0.823220431804657
Val,0.0010613779304549098,0.02149314433336258,0.8166936039924622
