Set,Loss,Mean Absolute Error,Mean Bbox Iou
Train,0.0005433445330709219,0.016628501936793327,0.8524119853973389
Val,0.0008907808805815876,0.019103748723864555,0.8368149995803833
