Set,Loss,Mean Absolute Error,Mean Bbox Iou
Train,0.018745077773928642,0.10263799130916595,0.4452263414859772
Val,0.018706129863858223,0.10258510708808899,0.44356951117515564
