Set,Loss,Mean Absolute Error,Mean Bbox Iou
Train,0.0006194582674652338,0.017830364406108856,0.8417273759841919
Val,0.0011626089690253139,0.02211461216211319,0.81381756067276
