Set,Loss,Mean Absolute Error,Mean Bbox Iou
Train,0.0006128802197054029,0.017222942784428596,0.8462928533554077
Val,0.0006741454708389938,0.01763172261416912,0.8437926173210144
