Set,Loss,Mean Absolute Error,Mean Bbox Iou
Train,0.0003408550110179931,0.01290136482566595,0.8815736174583435
Val,0.0005521626444533467,0.014950832352042198,0.8672412633895874
