Set,Loss,Mean Absolute Error,Mean Bbox Iou
Train,0.00045585836051031947,0.015253323130309582,0.8604761362075806
Val,0.0005094878724776208,0.015576347708702087,0.857649028301239
