Set,Loss,Mean Absolute Error,Mean Bbox Iou
Train,0.018888328224420547,0.10304536670446396,0.4478760063648224
Val,0.01892395317554474,0.10310732573270798,0.4458542764186859
