Set,Loss,Mean Absolute Error,Mean Bbox Iou
Train,0.0015430062776431441,0.028271138668060303,0.7700211405754089
Val,0.0019682208076119423,0.030843662098050117,0.7547177672386169
