Set,Loss,Mean Absolute Error,Mean Bbox Iou
Train,0.00053440808551386,0.015981484204530716,0.8573797941207886
Val,0.0006816008244641125,0.016900835558772087,0.8512943983078003
