Set,Loss,Mean Absolute Error,Mean Bbox Iou
Train,0.0007060139905661345,0.01873958483338356,0.8375990390777588
Val,0.0009161338675767183,0.020000729709863663,0.8301177620887756
