Set,Loss,Mean Absolute Error,Mean Bbox Iou
Train,0.000998258707113564,0.02247769571840763,0.8069955706596375
Val,0.0010940595529973507,0.02287965826690197,0.8050054907798767
