Set,Loss,Mean Absolute Error,Mean Bbox Iou
Train,0.0010451482376083732,0.02304697409272194,0.8059523105621338
Val,0.0011760089546442032,0.023785704746842384,0.8009980320930481
