Set,Loss,Mean Absolute Error,Mean Bbox Iou
Train,0.0006535312859341502,0.01746467500925064,0.8467698097229004
Val,0.0007811885443516076,0.01813962310552597,0.8427203297615051
