Set,Loss,Mean Absolute Error,Mean Bbox Iou
Train,0.0006731245666742325,0.0179181769490242,0.8432555794715881
Val,0.0008192668319679797,0.01873384788632393,0.8381150364875793
