Set,Loss,Mean Absolute Error,Mean Bbox Iou
Train,0.01861627958714962,0.10215193033218384,0.4436955749988556
Val,0.018613176420331,0.10226169973611832,0.4413811266422272
