Set,Loss,Mean Absolute Error,Mean Bbox Iou
Train,0.0016492129070684314,0.028917096555233,0.7681517601013184
Val,0.0018551938701421022,0.030152980238199234,0.7598754167556763
