Set,Loss,Mean Absolute Error,Mean Bbox Iou
Train,0.0018425005255267024,0.03016345016658306,0.7599548101425171
Val,0.002050985349342227,0.031109493225812912,0.7541273832321167
