Set,Loss,Mean Absolute Error,Mean Bbox Iou
Train,0.0004172729968558997,0.014184870757162571,0.8700693845748901
Val,0.0005486176232807338,0.015332312323153019,0.8623545169830322
