Set,Loss,Mean Absolute Error,Mean Bbox Iou
Train,0.0003671039012260735,0.013612628914415836,0.8751327991485596
Val,0.0005995832034386694,0.01599119044840336,0.8583768606185913
