Set,Triplet Loss Mean,Triplet Loss Std,Pos Dist Mean,Pos Dist Std,Neg Dist Mean,Neg Dist Std
Train,0.5319042801856995,0.47648364305496216,0.4041416645050049,0.39525067806243896,0.8722373247146606,0.2784232497215271
Val,0.5466928482055664,0.47401753067970276,0.416165292263031,0.39407074451446533,0.8694723844528198,0.2801223397254944
