Set,Loss
Train,0.6777044534683228
Val,0.7003060579299927
