Set,Loss,Mean Absolute Error,Mean Bbox Iou
Train,0.0007635619258508086,0.019896291196346283,0.8269323110580444
Val,0.001042078249156475,0.02220170758664608,0.8116631507873535
