Set,Loss,Mean Absolute Error,Mean Bbox Iou
Train,0.0185866616666317,0.10213857144117355,0.4437706172466278
Val,0.01863410882651806,0.10228514671325684,0.44112783670425415
