Set,Loss,Mean Absolute Error,Mean Bbox Iou
Train,0.01873534731566906,0.1025700718164444,0.4429982900619507
Val,0.01866181008517742,0.1023557037115097,0.44169026613235474
