Set,Loss,Mean Absolute Error,Mean Bbox Iou
Train,0.0003871284134220332,0.013926598243415356,0.8723697662353516
Val,0.0006201805081218481,0.015950070694088936,0.8589433431625366
