Set,Loss,Mean Absolute Error,Mean Bbox Iou
Train,0.0007576365605928004,0.018907412886619568,0.8350583910942078
Val,0.0008148080669343472,0.01905841939151287,0.8341086506843567
