Set,Loss,Mean Absolute Error,Mean Bbox Iou
Train,0.019019221886992455,0.10334473848342896,0.4470531940460205
Val,0.0190170519053936,0.10321307927370071,0.44561225175857544
