Set,Loss,Mean Absolute Error,Mean Bbox Iou
Train,0.0188416950404644,0.10285957157611847,0.44496339559555054
Val,0.01870698295533657,0.10243821889162064,0.44409292936325073
