Set,Loss,Mean Absolute Error,Mean Bbox Iou
Train,0.0011025837156921625,0.023243334144353867,0.8035091757774353
Val,0.0012420379789546132,0.024161523208022118,0.7973024249076843
