Set,Loss,Mean Absolute Error,Mean Bbox Iou
Train,0.0005342406220734119,0.016440458595752716,0.8519114851951599
Val,0.0006057497230358422,0.017036018893122673,0.8474249839782715
