Set,Loss,Mean Absolute Error,Mean Bbox Iou
Train,0.0186894703656435,0.10238216072320938,0.4439789354801178
Val,0.018657254055142403,0.10231374949216843,0.44182127714157104
