Set,Loss,Mean Absolute Error,Mean Bbox Iou
Train,0.0012718051439151168,0.02516859583556652,0.7913044691085815
Val,0.001384849427267909,0.02582808956503868,0.7866097688674927
