Set,Loss,Mean Absolute Error,Mean Bbox Iou
Train,0.0005983037990517914,0.01664288341999054,0.8524361848831177
Val,0.0007036009919829667,0.017136145383119583,0.8499863147735596
