Set,Loss,Mean Absolute Error,Mean Bbox Iou
Train,0.0013242868008092046,0.02560696378350258,0.7874279022216797
Val,0.0014297313755378127,0.026197412982583046,0.7830173969268799
