Set,Loss,Mean Absolute Error,Mean Bbox Iou
Train,0.0013589843874797225,0.02637193351984024,0.7834843993186951
Val,0.001430551172234118,0.026549218222498894,0.7819806337356567
