Set,Loss,Mean Absolute Error,Mean Bbox Iou
Train,0.0006751153850927949,0.017503151670098305,0.8454364538192749
Val,0.0007693257066421211,0.017987651750445366,0.8427702784538269
