Set,Loss,Mean Absolute Error,Mean Bbox Iou
Train,0.0008547253091819584,0.0201861709356308,0.8239487409591675
Val,0.0009332682238891721,0.020427510142326355,0.8229230642318726
