Set,Loss,Mean Absolute Error,Mean Bbox Iou
Train,0.018976083025336266,0.10353332757949829,0.4462706744670868
Val,0.018977288156747818,0.10351746529340744,0.44435450434684753
