Set,Loss,Mean Absolute Error,Mean Bbox Iou
Train,0.0005354745080694556,0.016068805009126663,0.8548778295516968
Val,0.0005972658400423825,0.016530120745301247,0.8512285947799683
