Set,Loss,Mean Absolute Error,Mean Bbox Iou
Train,0.01866147853434086,0.10244857519865036,0.44125524163246155
Val,0.018596205860376358,0.10222499817609787,0.4398882985115051
