Set,Loss,Mean Absolute Error,Mean Bbox Iou
Train,0.00041690029320307076,0.014584390446543694,0.866965651512146
Val,0.0007776562706567347,0.017907004803419113,0.844273567199707
