Set,Loss,Mean Absolute Error,Mean Bbox Iou
Train,0.0016432075062766671,0.028544336557388306,0.7675232887268066
Val,0.0017393047455698252,0.028879182413220406,0.7647578716278076
