Set,Loss,Mean Absolute Error,Mean Bbox Iou
Train,0.001248590531758964,0.02534039318561554,0.7891937494277954
Val,0.0014050921890884638,0.026152944192290306,0.7842480540275574
