Set,Loss,Mean Absolute Error,Mean Bbox Iou
Train,0.0006788643077015877,0.018425321206450462,0.8397008776664734
Val,0.0008942498243413866,0.019627058878540993,0.8328139185905457
