Set,Loss,Mean Absolute Error,Mean Bbox Iou
Train,0.0009519113227725029,0.021602896973490715,0.813603937625885
Val,0.0010438257595524192,0.02209041826426983,0.8102086782455444
