Set,Loss,Mean Absolute Error,Mean Bbox Iou
Train,0.018687965348362923,0.10245634615421295,0.4414827823638916
Val,0.018633516505360603,0.10232273489236832,0.43983739614486694
