Set,Loss,Mean Absolute Error,Mean Bbox Iou
Train,0.018724478781223297,0.10246097296476364,0.4454728960990906
Val,0.018719105049967766,0.10235846042633057,0.44333380460739136
