Set,Loss,Mean Absolute Error,Mean Bbox Iou
Train,0.0007682297728024423,0.019212396815419197,0.8316748738288879
Val,0.0009083898621611297,0.020027494058012962,0.8257336616516113
