Set,Loss,Mean Absolute Error,Mean Bbox Iou
Train,0.018725769594311714,0.10255327075719833,0.4426042437553406
Val,0.01865752972662449,0.10232951492071152,0.4419272243976593
