Set,Loss,Mean Absolute Error,Mean Bbox Iou
Train,0.018677394837141037,0.10240992903709412,0.4441782236099243
Val,0.01863570138812065,0.10229352861642838,0.4423964321613312
