Set,Loss,Mean Absolute Error,Mean Bbox Iou
Train,0.01876615360379219,0.1027052104473114,0.4429943561553955
Val,0.01871015690267086,0.10254864394664764,0.441961407661438
