Set,Loss,Mean Absolute Error,Mean Bbox Iou
Train,0.0002624102053232491,0.01079265121370554,0.8984810709953308
Val,0.00033938727574422956,0.011358993127942085,0.8943066000938416
