Set,Loss,Mean Absolute Error,Mean Bbox Iou
Train,0.0005371079896576703,0.01536326389759779,0.8627145290374756
Val,0.0005438908701762557,0.01544380933046341,0.8608949780464172
