Set,Loss,Mean Absolute Error,Mean Bbox Iou
Train,0.00022514312877319753,0.010505612939596176,0.9019749760627747
Val,0.0003056926070712507,0.011188289150595665,0.8968212008476257
