Set,Loss,Mean Absolute Error,Mean Bbox Iou
Train,0.01893777959048748,0.10331279784440994,0.4454490542411804
Val,0.01886143907904625,0.10300858318805695,0.4447389245033264
