Set,Loss,Mean Absolute Error,Mean Bbox Iou
Train,0.0005001870449632406,0.016339058056473732,0.8527077436447144
Val,0.001043987344019115,0.020833922550082207,0.8221866488456726
