Set,Loss,Mean Absolute Error,Mean Bbox Iou
Train,0.01878831535577774,0.10258042812347412,0.44562458992004395
Val,0.01877892017364502,0.10252805799245834,0.4442385137081146
