Set,Loss,Mean Absolute Error,Mean Bbox Iou
Train,0.0005698574241250753,0.016438903287053108,0.8531311750411987
Val,0.0006994301220402122,0.017244743183255196,0.8478605151176453
