Set,Loss,Mean Absolute Error,Mean Bbox Iou
Train,0.00025316938990727067,0.011197993531823158,0.8941398859024048
Val,0.00034719001268967986,0.011996439658105373,0.8884073495864868
