Set,Loss,Mean Absolute Error,Mean Bbox Iou
Train,0.01888660155236721,0.10302428156137466,0.44633638858795166
Val,0.018896881490945816,0.10298724472522736,0.4444367587566376
