Set,Loss,Mean Absolute Error,Mean Bbox Iou
Train,0.018659772351384163,0.1024056151509285,0.44304177165031433
Val,0.018644725903868675,0.10235199332237244,0.4415592849254608
