Set,Loss,Mean Absolute Error,Mean Bbox Iou
Train,0.018787581473588943,0.10273900628089905,0.44376450777053833
Val,0.018667329102754593,0.10236290097236633,0.4430536925792694
