Set,Loss,Mean Absolute Error,Mean Bbox Iou
Train,0.018679793924093246,0.10241209715604782,0.4432908892631531
Val,0.018629439175128937,0.10220449417829514,0.44221463799476624
