Set,Loss,Mean Absolute Error,Mean Bbox Iou
Train,0.018728895112872124,0.10247980803251266,0.4454277455806732
Val,0.01875273510813713,0.1025192141532898,0.4437311589717865
