Set,Loss,Mean Absolute Error,Mean Bbox Iou
Train,0.0007399719324894249,0.0189714003354311,0.8343510627746582
Val,0.0010647316230461001,0.021220475435256958,0.8202865123748779
