Set,Loss,Mean Absolute Error,Mean Bbox Iou
Train,0.0012038302375003695,0.024228530004620552,0.7988601326942444
Val,0.0011857100762426853,0.02393433451652527,0.8000891804695129
