Set,Binary Accuracy,Precision,Recall,True Negatives,False Positives,False Negatives,True Positives
Train,0.870953125,0.858809660550736,0.887875,27329,4671,3588,28412
Val,0.8440625,0.8469902300661835,0.83984375,27145,4855,5125,26875
