Set,Triplet Loss Mean,Triplet Loss Std,Pos Dist Mean,Pos Dist Std,Neg Dist Mean,Neg Dist Std
Train,0.22717851400375366,0.4059469401836395,0.6927639842033386,0.546341598033905,1.815041422843933,0.3716621994972229
Val,0.289002388715744,0.44582971930503845,0.8070124387741089,0.5822361707687378,1.8098286390304565,0.3764999806880951
