Set,Loss
Train,0.39281487464904785
Val,0.4466761350631714
