Set,Loss,Mean Absolute Error,Mean Bbox Iou
Train,0.0004228170437272638,0.01451045460999012,0.8674551248550415
Val,0.0005621160380542278,0.015729442238807678,0.8582544326782227
