Set,Loss,Mean Absolute Error,Mean Bbox Iou
Train,0.0007342841709032655,0.01822228729724884,0.8391870260238647
Val,0.0007481990614905953,0.018260866403579712,0.8381820321083069
