Set,Loss,Mean Absolute Error,Mean Bbox Iou
Train,0.0008167907944880426,0.019544197246432304,0.8291515111923218
Val,0.0008731357520446181,0.019777819514274597,0.8275980949401855
