Set,Loss,Mean Absolute Error,Mean Bbox Iou
Train,0.0007923387456685305,0.019129028543829918,0.8333848118782043
Val,0.0007966054836288095,0.019155744463205338,0.832443356513977
