Set,Loss,Mean Absolute Error,Mean Bbox Iou
Train,0.000701286131516099,0.01833345741033554,0.8400185108184814
Val,0.0007666385499760509,0.018555618822574615,0.8379642367362976
