Set,Loss,Mean Absolute Error,Mean Bbox Iou
Train,0.018923383206129074,0.1030372902750969,0.44858649373054504
Val,0.01894691400229931,0.10313386470079422,0.4461508095264435
