Set,Loss,Mean Absolute Error,Mean Bbox Iou
Train,0.018925724551081657,0.10303790867328644,0.44826242327690125
Val,0.018930459395051003,0.10303011536598206,0.44600141048431396
