Set,Loss,Mean Absolute Error,Mean Bbox Iou
Train,0.00026459305081516504,0.01139010488986969,0.8944451808929443
Val,0.0005412138416431844,0.014613424427807331,0.8703992962837219
