Set,Loss,Mean Absolute Error,Mean Bbox Iou
Train,0.0008429092704318464,0.01978442259132862,0.8269506096839905
Val,0.0008612631354480982,0.01983937807381153,0.8259134888648987
