Set,Loss,Mean Absolute Error,Mean Bbox Iou
Train,0.0008553664083592594,0.02047399803996086,0.8230048418045044
Val,0.0009611493442207575,0.021178817376494408,0.8179346919059753
