Set,Loss,Mean Absolute Error,Mean Bbox Iou
Train,0.000945732113905251,0.021832909435033798,0.8128312230110168
Val,0.001265835715457797,0.023750368505716324,0.8004809617996216
