Set,Loss,Mean Absolute Error,Mean Bbox Iou
Train,0.00028543255757540464,0.011889244429767132,0.8893173336982727
Val,0.0004221578419674188,0.013179312460124493,0.8800339698791504
