Set,Loss,Mean Absolute Error,Mean Bbox Iou
Train,0.00031358120031654835,0.01206438522785902,0.8890334963798523
Val,0.00038815243169665337,0.012669357471168041,0.8847026824951172
