Set,Loss,Mean Absolute Error,Mean Bbox Iou
Train,0.0007600376266054809,0.019023282453417778,0.8342403769493103
Val,0.0008330216514877975,0.019571539014577866,0.8299773931503296
