Set,Loss,Mean Absolute Error,Mean Bbox Iou
Train,0.018851667642593384,0.10305415093898773,0.4432406723499298
Val,0.018710115924477577,0.10259635746479034,0.4429718255996704
