Set,Loss,Mean Absolute Error,Mean Bbox Iou
Train,0.018720772117376328,0.10258729755878448,0.44177186489105225
Val,0.018626896664500237,0.10235420614480972,0.4411015212535858
