Set,Loss,Mean Absolute Error,Mean Bbox Iou
Train,0.0007230151677504182,0.018286656588315964,0.8383671641349792
Val,0.0007313191308639944,0.01832800917327404,0.8375604152679443
