Set,Loss,Mean Absolute Error,Mean Bbox Iou
Train,0.01882052607834339,0.10288896411657333,0.444780170917511
Val,0.018699077889323235,0.10250730812549591,0.4442092180252075
