Set,Loss,Mean Absolute Error,Mean Bbox Iou
Train,0.01918075419962406,0.10350733995437622,0.44843578338623047
Val,0.019204583019018173,0.10340732336044312,0.4472254812717438
