Set,Loss,Mean Absolute Error,Mean Bbox Iou
Train,0.018568532541394234,0.10208317637443542,0.4418652653694153
Val,0.018593410030007362,0.1021752655506134,0.439710408449173
