Set,Loss,Mean Absolute Error,Mean Bbox Iou
Train,0.0005642961477860808,0.0167984701693058,0.8500576019287109
Val,0.0008114666561596096,0.018869571387767792,0.8356297016143799
