Set,Loss,Mean Absolute Error,Mean Bbox Iou
Train,0.0011864854022860527,0.024485761299729347,0.7965193390846252
Val,0.0012236746260896325,0.024457404389977455,0.7959266304969788
