Set,Loss,Mean Absolute Error,Mean Bbox Iou
Train,0.09840303659439087,0.2711223363876343,0.2306394726037979
Val,0.1004648357629776,0.27360209822654724,0.22651393711566925
