Set,Loss,Mean Absolute Error,Mean Bbox Iou
Train,0.0002902115520555526,0.011620795354247093,0.8918874859809875
Val,0.0003478552680462599,0.01205744780600071,0.8885571956634521
