Set,Loss,Mean Absolute Error,Mean Bbox Iou
Train,0.018807169049978256,0.10283949971199036,0.4460063576698303
Val,0.01876649260520935,0.10267691314220428,0.4447947144508362
