Set,Loss,Mean Absolute Error,Mean Bbox Iou
Train,0.0006709824083372951,0.018263807520270348,0.8376863598823547
Val,0.000759939372073859,0.01884635165333748,0.8332092761993408
