Set,Loss,Mean Absolute Error,Mean Bbox Iou
Train,0.00028043152997270226,0.011488164775073528,0.893387496471405
Val,0.0003376910462975502,0.011818530969321728,0.8909640312194824
