Set,Loss,Mean Absolute Error,Mean Bbox Iou
Train,0.01865985058248043,0.10240805149078369,0.4402833878993988
Val,0.0185971911996603,0.10221696645021439,0.439255028963089
