Set,Loss,Mean Absolute Error,Mean Bbox Iou
Train,0.0009432900114916265,0.020841499790549278,0.8210071325302124
Val,0.0010208954336121678,0.021089661866426468,0.8191884160041809
