Set,Loss,Mean Absolute Error,Mean Bbox Iou
Train,0.018634343519806862,0.10225486010313034,0.4428494870662689
Val,0.018589425832033157,0.10214909166097641,0.44133809208869934
