Set,Loss,Mean Absolute Error,Mean Bbox Iou
Train,0.0007756308768875897,0.018511436879634857,0.8379603028297424
Val,0.000810252211522311,0.01861916296184063,0.8371480107307434
