Set,Loss,Mean Absolute Error,Mean Bbox Iou
Train,0.16525651514530182,0.33804064989089966,0.0
Val,0.16272518038749695,0.33580252528190613,0.0
