Set,Loss,Mean Absolute Error,Mean Bbox Iou
Train,0.018613722175359726,0.10229045152664185,0.4417493939399719
Val,0.01860377937555313,0.10223884880542755,0.44020405411720276
