Set,Loss,Mean Absolute Error,Mean Bbox Iou
Train,0.0010184553684666753,0.022411273792386055,0.8099527359008789
Val,0.0010678028920665383,0.022430986166000366,0.808911919593811
