Set,Loss,Mean Absolute Error,Mean Bbox Iou
Train,0.0007492534350603819,0.019226085394620895,0.8313779830932617
Val,0.0011584076564759016,0.021944895386695862,0.8149509429931641
