Set,Loss,Mean Absolute Error,Mean Bbox Iou
Train,0.0008491685730405152,0.020254671573638916,0.8229847550392151
Val,0.0008782995864748955,0.020319471135735512,0.8219510912895203
