Set,Loss,Mean Absolute Error,Mean Bbox Iou
Train,0.001035476103425026,0.022822324186563492,0.8059931993484497
Val,0.0014721285551786423,0.025423554703593254,0.7899700403213501
