Set,Loss,Mean Absolute Error,Mean Bbox Iou
Train,0.01866348274052143,0.10238268971443176,0.44331079721450806
Val,0.01863979548215866,0.10233253240585327,0.44141754508018494
