Set,Loss,Mean Absolute Error,Mean Bbox Iou
Train,0.0011675967834889889,0.023802492767572403,0.819783091545105
Val,0.0012408486800268292,0.024106109514832497,0.8181741237640381
