Set,Loss,Mean Absolute Error,Mean Bbox Iou
Train,0.01864933781325817,0.10235919803380966,0.4424205720424652
Val,0.018640834838151932,0.1023714616894722,0.44061699509620667
