Set,Loss,Mean Absolute Error,Mean Bbox Iou
Train,0.0003658088680822402,0.013261305168271065,0.8775601983070374
Val,0.0004796691064257175,0.01411829050630331,0.8714584112167358
