Set,Loss,Mean Absolute Error,Mean Bbox Iou
Train,0.0006795987137593329,0.017746616154909134,0.8440281748771667
Val,0.0007378452573902905,0.017965877428650856,0.8422533869743347
