Set,Loss,Mean Absolute Error,Mean Bbox Iou
Train,0.018860237672924995,0.10295291990041733,0.4446111023426056
Val,0.01878686062991619,0.10260158777236938,0.4446887969970703
