Set,Loss,Mean Absolute Error,Mean Bbox Iou
Train,0.0004515845503192395,0.01511462777853012,0.8622788786888123
Val,0.0006231056759133935,0.016445273533463478,0.8528599739074707
