Set,Loss,Mean Absolute Error,Mean Bbox Iou
Train,0.018585454672574997,0.10221477597951889,0.4453926980495453
Val,0.01865786872804165,0.10238148272037506,0.44314122200012207
