Set,Loss,Mean Absolute Error,Mean Bbox Iou
Train,0.0006990093970671296,0.018551288172602654,0.8389721512794495
Val,0.0009195824386551976,0.019971320405602455,0.830041766166687
