Set,Loss,Mean Absolute Error,Mean Bbox Iou
Train,0.0005497769452631474,0.016719233244657516,0.8497552275657654
Val,0.0011869767913594842,0.021933984011411667,0.8161621689796448
