Set,Loss,Mean Absolute Error,Mean Bbox Iou
Train,0.001375636551529169,0.026159580796957016,0.78402179479599
Val,0.0015273666940629482,0.026758583262562752,0.7803138494491577
