Set,Loss,Mean Absolute Error,Mean Bbox Iou
Train,0.0005663115298375487,0.01726699061691761,0.8447998762130737
Val,0.0013779273722320795,0.023561079055070877,0.8039261102676392
