Set,Loss,Mean Absolute Error,Mean Bbox Iou
Train,0.018769290298223495,0.10265802592039108,0.44389984011650085
Val,0.018704043701291084,0.1023840382695198,0.44314053654670715
