Set,Loss,Mean Absolute Error,Mean Bbox Iou
Train,0.018687142059206963,0.10246067494153976,0.44276994466781616
Val,0.018647776916623116,0.10233818739652634,0.4411347508430481
