Set,Loss,Mean Absolute Error,Mean Bbox Iou
Train,0.019006023183465004,0.1034230887889862,0.4485837519168854
Val,0.01904616691172123,0.10345722734928131,0.4466768205165863
