Set,Loss,Mean Absolute Error,Mean Bbox Iou
Train,0.0008090342744253576,0.019733861088752747,0.8273075819015503
Val,0.0008749032276682556,0.019942810758948326,0.825780987739563
