Set,Loss,Mean Absolute Error,Mean Bbox Iou
Train,0.0187253188341856,0.10253946483135223,0.44564011693000793
Val,0.01868305169045925,0.10242103785276413,0.4437405467033386
