Set,Loss,Mean Absolute Error,Mean Bbox Iou
Train,0.0008474637870676816,0.020200178027153015,0.8257668614387512
Val,0.0009437385015189648,0.020641464740037918,0.8228026628494263
