Set,Loss,Mean Absolute Error,Mean Bbox Iou
Train,0.018812354654073715,0.102777399122715,0.44538864493370056
Val,0.018716631457209587,0.1025017723441124,0.44425705075263977
