Set,Loss,Mean Absolute Error,Mean Bbox Iou
Train,0.018685229122638702,0.10247637331485748,0.4429161548614502
Val,0.018596408888697624,0.1021747887134552,0.4421510398387909
