Triplet Loss Mean,Triplet Loss Std,Pos Dist Mean,Pos Dist Std,Neg Dist Mean,Neg Dist Std
0.2831920087337494,0.44082605838775635,0.7976298928260803,0.5795917510986328,1.8099842071533203,0.3722553849220276
