Triplet Loss Mean,Triplet Loss Std,Pos Dist Mean,Pos Dist Std,Neg Dist Mean,Neg Dist Std
0.5471864342689514,0.4760664105415344,0.4186004102230072,0.39530906081199646,0.8714139461517334,0.27860286831855774
