Triplet Loss Mean,Triplet Loss Std,Pos Dist Mean,Pos Dist Std,Neg Dist Mean,Neg Dist Std
0.5336313843727112,0.46305370330810547,0.360263854265213,0.3653827905654907,0.8266324400901794,0.30916064977645874
