Triplet Loss Mean,Triplet Loss Std,Pos Dist Mean,Pos Dist Std,Neg Dist Mean,Neg Dist Std
0.23169174790382385,0.41424912214279175,0.6164196729660034,0.5156014561653137,1.7336963415145874,0.43454232811927795
