Set,Loss,Mean Absolute Error,Mean Bbox Iou
Train,0.01864638365805149,0.1023283451795578,0.443161278963089
Val,0.0186966173350811,0.10244345664978027,0.4410693347454071
