Set,Loss,Mean Absolute Error,Mean Bbox Iou
Train,0.0006865569157525897,0.018369589000940323,0.8388994336128235
Val,0.0010574314510449767,0.021148627623915672,0.8210578560829163
