Set,Loss,Mean Absolute Error,Mean Bbox Iou
Train,0.00039360782830044627,0.01329241506755352,0.8793672919273376
Val,0.0004533706814981997,0.013750370591878891,0.8763555288314819
