Set,Loss,Mean Absolute Error,Mean Bbox Iou
Train,0.019031213596463203,0.10335947573184967,0.44758474826812744
Val,0.018939869478344917,0.10313184559345245,0.4465201795101166
