Set,Loss,Mean Absolute Error,Mean Bbox Iou
Train,0.0009817476384341717,0.02225375734269619,0.8091554045677185
Val,0.0011978334514424205,0.02347302809357643,0.8015158772468567
