Set,Loss,Mean Absolute Error,Mean Bbox Iou
Train,0.0002938378311228007,0.012230181135237217,0.885779619216919
Val,0.0004466154205147177,0.013810471631586552,0.8732466101646423
