Set,Loss,Mean Absolute Error,Mean Bbox Iou
Train,0.0186984371393919,0.10268255323171616,0.4390715956687927
Val,0.018605586141347885,0.10240695625543594,0.4380159378051758
