Set,Loss,Mean Absolute Error,Mean Bbox Iou
Train,0.001010561129078269,0.021957555785775185,0.8115748763084412
Val,0.0010141535894945264,0.021946491673588753,0.8110174536705017
