Set,Loss,Mean Absolute Error,Mean Bbox Iou
Train,0.0009256986668333411,0.021157553419470787,0.818784236907959
Val,0.0010807991493493319,0.022173870354890823,0.8116369843482971
