Set,Loss,Mean Absolute Error,Mean Bbox Iou
Train,0.01877596601843834,0.10262266546487808,0.44482675194740295
Val,0.018688594922423363,0.10240711271762848,0.4441283643245697
