Set,Loss,Mean Absolute Error,Mean Bbox Iou
Train,0.0010006391676142812,0.02224189229309559,0.8118743300437927
Val,0.0010386465582996607,0.02237064205110073,0.8104500770568848
