Set,Loss,Mean Absolute Error,Mean Bbox Iou
Train,0.0006295141065493226,0.017130933701992035,0.8493615388870239
Val,0.0007018398027867079,0.017509590834379196,0.8473832011222839
