Set,Loss,Mean Absolute Error,Mean Bbox Iou
Train,0.0009709197329357266,0.02152349427342415,0.8148425817489624
Val,0.0009671460138633847,0.021456776186823845,0.81453537940979
