Set,Loss,Mean Absolute Error,Mean Bbox Iou
Train,0.01869414560496807,0.1024172455072403,0.44346439838409424
Val,0.018666286021471024,0.10236119478940964,0.44188129901885986
