Set,Loss,Mean Absolute Error,Mean Bbox Iou
Train,0.018743470311164856,0.1025531068444252,0.442104697227478
Val,0.018585609272122383,0.10215972363948822,0.441526859998703
