Set,Loss,Mean Absolute Error,Mean Bbox Iou
Train,0.00050100072985515,0.016444126144051552,0.8513885140419006
Val,0.0008766597602516412,0.01920893602073193,0.8335322737693787
