Set,Loss,Mean Absolute Error,Mean Bbox Iou
Train,0.0014719085302203894,0.026795390993356705,0.7795743942260742
Val,0.001553577953018248,0.027154119685292244,0.7772118449211121
