Set,Loss,Mean Absolute Error,Mean Bbox Iou
Train,0.018794551491737366,0.10279754549264908,0.4457339346408844
Val,0.01875259540975094,0.10255498439073563,0.445116251707077
