Set,Binary Accuracy,Precision,Recall,True Negatives,False Positives,False Negatives,True Positives
Train,0.9052500128746033,0.9826205372810364,0.8227255344390869,15964.0,230.0,2802.0,13004.0
Val,0.9039375185966492,0.9822559952735901,0.8228718042373657,15751.0,238.0,2836.0,13175.0
