Set,Binary Accuracy,Precision,Recall,True Negatives,False Positives,False Negatives,True Positives
Train,0.924734375,0.9421869408205095,0.905,30223,1777,3040,28960
Val,0.925359375,0.9414874639161882,0.90709375,30196,1804,2973,29027
