Set,Triplet Loss Mean,Triplet Loss Std,Pos Dist Mean,Pos Dist Std,Neg Dist Mean,Neg Dist Std
Train,0.666299045085907,0.18161208927631378,0.5865437984466553,0.17088867723941803,0.9202448129653931,0.05607111379504204
Val,0.6680167317390442,0.18074406683444977,0.5878718495368958,0.16985782980918884,0.9198551177978516,0.05631009116768837
