Set,Pos Dist Mean,Neg Dist Mean,Triplet Loss Mean
Train,0.5878177881240845,0.9206953644752502,0.6671213507652283
Val,0.5889497995376587,0.9205811619758606,0.6683680415153503
