Set,Loss,Mean Absolute Error,Mean Bbox Iou
Train,0.018764153122901917,0.10263346880674362,0.443236380815506
Val,0.018661068752408028,0.10238651931285858,0.4413459599018097
