Set,Loss,Mean Absolute Error,Mean Bbox Iou
Train,0.0012618567561730742,0.02512005716562271,0.7900669574737549
Val,0.0016438363818451762,0.027242247015237808,0.7776716947555542
