Set,Loss,Mean Absolute Error,Mean Bbox Iou
Train,0.0003405868192203343,0.01316328439861536,0.8787432312965393
Val,0.000821249617729336,0.018100682646036148,0.8433554172515869
