Set,Loss,Mean Absolute Error,Mean Bbox Iou
Train,0.0006448865751735866,0.017682546749711037,0.8437854051589966
Val,0.0008012757170945406,0.018525520339608192,0.8383603692054749
