Set,Loss,Mean Absolute Error,Mean Bbox Iou
Train,0.0010654246434569359,0.02299206331372261,0.8047786355018616
Val,0.0012447505723685026,0.024071499705314636,0.7978358864784241
