Set,Loss,Mean Absolute Error,Mean Bbox Iou
Train,0.0006293077021837234,0.01697377860546112,0.8510144948959351
Val,0.0006962264305911958,0.01727970503270626,0.8492809534072876
