Set,Loss,Mean Absolute Error,Mean Bbox Iou
Train,0.018838543444871902,0.10292299836874008,0.44690588116645813
Val,0.018863124772906303,0.10288383066654205,0.44517281651496887
