Set,Loss,Mean Absolute Error,Mean Bbox Iou
Train,0.001390443299897015,0.026264531537890434,0.783437967300415
Val,0.0015209163539111614,0.026815541088581085,0.7797074317932129
