Set,Loss,Mean Absolute Error,Mean Bbox Iou
Train,0.018749723210930824,0.10259512066841125,0.44465264678001404
Val,0.01870143599808216,0.10239874571561813,0.44357213377952576
