Set,Loss,Mean Absolute Error,Mean Bbox Iou
Train,0.018645664677023888,0.10234087705612183,0.4423784017562866
Val,0.018584027886390686,0.1021437868475914,0.441335529088974
