Set,Loss,Mean Absolute Error,Mean Bbox Iou
Train,0.00025355222169309855,0.011233432218432426,0.8938893675804138
Val,0.0003565651422832161,0.012073252350091934,0.8876146674156189
