Set,Loss,Mean Absolute Error,Mean Bbox Iou
Train,0.0015113649424165487,0.027327703312039375,0.7764248847961426
Val,0.0017654442926868796,0.028588371351361275,0.768589437007904
