Set,Loss,Mean Absolute Error,Mean Bbox Iou
Train,0.0004192779306322336,0.01370239444077015,0.8752965927124023
Val,0.00048743365914560854,0.014131413772702217,0.8724470734596252
