Set,Binary Accuracy,Precision,Recall,True Negatives,False Positives,False Negatives,True Positives
Train,0.86925,0.8630330588669043,0.8778125,27542,4458,3910,28090
Val,0.857640625,0.8598107334863395,0.854625,27541,4459,4652,27348
