Set,Triplet Loss Mean,Triplet Loss Std,Pos Dist Mean,Pos Dist Std,Neg Dist Mean,Neg Dist Std
Train,0.21007616817951202,0.3984875977039337,0.5665178298950195,0.4980309307575226,1.7320353984832764,0.4374706745147705
Val,0.23082834482192993,0.415910929441452,0.6142690181732178,0.517874002456665,1.736566185951233,0.4328812062740326
