Set,Loss
Train,0.40728458762168884
Val,0.42671483755111694
