Set,Loss,Mean Absolute Error,Mean Bbox Iou
Train,0.018771646544337273,0.10279527306556702,0.44485539197921753
Val,0.01871672458946705,0.10258548706769943,0.4438515603542328
