Set,Loss,Mean Absolute Error,Mean Bbox Iou
Train,0.018746623769402504,0.10262326151132584,0.4449368417263031
Val,0.018687039613723755,0.1024480015039444,0.4436400532722473
