Set,Loss,Mean Absolute Error,Mean Bbox Iou
Train,0.0005540629499591887,0.01665310189127922,0.8513964414596558
Val,0.0009744610288180411,0.020225683227181435,0.8265795707702637
