Set,Loss,Mean Absolute Error,Mean Bbox Iou
Train,0.018642684444785118,0.10221093147993088,0.4437342584133148
Val,0.018634527921676636,0.10224089026451111,0.4417404234409332
