Set,Loss,Mean Absolute Error,Mean Bbox Iou
Train,0.0003369049518369138,0.012972316704690456,0.8793848156929016
Val,0.0004689259803853929,0.014069144614040852,0.8717628121376038
