Set,Loss,Mean Absolute Error,Mean Bbox Iou
Train,0.01863250881433487,0.10240870714187622,0.4455201327800751
Val,0.0187540166079998,0.10280902683734894,0.4423331618309021
