Set,Loss,Mean Absolute Error,Mean Bbox Iou
Train,0.018759695813059807,0.1027534157037735,0.4417710602283478
Val,0.01861109770834446,0.1022573858499527,0.44176846742630005
