Set,Loss,Mean Absolute Error,Mean Bbox Iou
Train,0.0002741166390478611,0.011694062501192093,0.8914291262626648
Val,0.0004729613719973713,0.013656758703291416,0.8770619034767151
