Set,Loss,Mean Absolute Error,Mean Bbox Iou
Train,0.0005476800724864006,0.016084963455796242,0.8568638563156128
Val,0.0007178573287092149,0.017143426463007927,0.8505929708480835
