Set,Loss,Mean Absolute Error,Mean Bbox Iou
Train,0.0006414994713850319,0.01742473803460598,0.8459880948066711
Val,0.0007974753971211612,0.018164565786719322,0.8419086337089539
