Set,Loss,Mean Absolute Error,Mean Bbox Iou
Train,0.018702808767557144,0.10252034664154053,0.44185706973075867
Val,0.01861559972167015,0.10225895792245865,0.44057196378707886
