Set,Binary Accuracy,Precision,Recall,True Negatives,False Positives,False Negatives,True Positives
Train,0.8604687452316284,0.871737003326416,0.8453124761581421,14010.0,1990.0,2475.0,13525.0
Val,0.8305624723434448,0.8596084117889404,0.7892890572547913,13977.0,2058.0,3364.0,12601.0
