Set,Binary Accuracy,Precision,Recall,True Negatives,False Positives,False Negatives,True Positives
Train,0.86415625,0.8533567833100855,0.8794375,27164,4836,3858,28142
Val,0.8388125,0.8385162982390408,0.83925,26828,5172,5144,26856
