Set,Triplet Loss Mean,Triplet Loss Std,Pos Dist Mean,Pos Dist Std,Neg Dist Mean,Neg Dist Std
Train,0.22101520001888275,0.42034071683883667,0.5761967897415161,0.5311228036880493,1.7562507390975952,0.4488358199596405
Val,0.2761126458644867,0.46445125341415405,0.6733913421630859,0.5615936517715454,1.739890217781067,0.45917969942092896
