Set,Pos Dist Mean,Neg Dist Mean,Triplet Loss Mean
Train,0.5728581547737122,1.745187759399414,0.22523514926433563
Val,0.6698782444000244,1.7403087615966797,0.2757253348827362
