Set,Loss
Train,0.4083111584186554
Val,0.46566349267959595
