Set,Loss,Mean Absolute Error,Mean Bbox Iou
Train,0.000727798615116626,0.018152276054024696,0.8410296440124512
Val,0.0007514820317737758,0.018240170553326607,0.8400046825408936
