Set,Loss,Mean Absolute Error,Mean Bbox Iou
Train,0.0006149805849418044,0.017084907740354538,0.8490071296691895
Val,0.0008329047705046833,0.01860758103430271,0.8399936556816101
