Set,Loss,Mean Absolute Error,Mean Bbox Iou
Train,0.00035144388675689697,0.013392646797001362,0.8768344521522522
Val,0.0006436954718083143,0.016285715624690056,0.8560730814933777
