Set,Loss,Mean Absolute Error,Mean Bbox Iou
Train,0.0012713797623291612,0.02566273882985115,0.789825439453125
Val,0.0012850009370595217,0.025545138865709305,0.7892088294029236
