Set,Loss,Mean Absolute Error,Mean Bbox Iou
Train,0.018704695627093315,0.10251663625240326,0.44644391536712646
Val,0.018773820251226425,0.10265906155109406,0.4439599812030792
