Set,Loss,Mean Absolute Error,Mean Bbox Iou
Train,0.0009139681933447719,0.020733902230858803,0.8202577829360962
Val,0.0009869751520454884,0.0210040882229805,0.8184405565261841
