Set,Loss,Mean Absolute Error,Mean Bbox Iou
Train,0.0010298179695382714,0.022653507068753242,0.8049958944320679
Val,0.0010970472358167171,0.022840183228254318,0.8036589622497559
