Set,Loss,Mean Absolute Error,Mean Bbox Iou
Train,0.0012327355798333883,0.025586578994989395,0.7857081294059753
Val,0.0013814260018989444,0.026320209726691246,0.7813721895217896
