Set,Loss,Mean Absolute Error,Mean Bbox Iou
Train,0.0002873557968996465,0.012235339730978012,0.8850293159484863
Val,0.00043380900751799345,0.013666335493326187,0.8742561936378479
