Set,Loss,Mean Absolute Error,Mean Bbox Iou
Train,0.0006870416691526771,0.01848534494638443,0.8357269763946533
Val,0.0009008242632262409,0.019854940474033356,0.8267553448677063
