Set,Loss,Mean Absolute Error,Mean Bbox Iou
Train,0.001201346516609192,0.02410942129790783,0.8192588090896606
Val,0.0012668531853705645,0.02425958588719368,0.8194056153297424
