Set,Loss,Mean Absolute Error
Train,0.0011537024984136224,0.023565055802464485
Val,0.0012357470113784075,0.023947658017277718
