Set,Loss,Mean Absolute Error,Mean Bbox Iou
Train,0.01889503188431263,0.10301809757947922,0.44905588030815125
Val,0.018983179703354836,0.10319127887487411,0.4468504786491394
