Set,Loss,Mean Absolute Error,Mean Bbox Iou
Train,0.019011104479432106,0.1033802181482315,0.448263019323349
Val,0.01899164542555809,0.10323672741651535,0.4468284845352173
