Set,Loss,Mean Absolute Error,Mean Bbox Iou
Train,0.00029437351622618735,0.012343143112957478,0.885463535785675
Val,0.0004934584721922874,0.014647935517132282,0.8686431646347046
