Set,Binary Accuracy,Precision,Recall,True Negatives,False Positives,False Negatives,True Positives
Train,0.7213125228881836,0.7808796763420105,0.6143545508384705,13264.0,2755.0,6163.0,9818.0
Val,0.722406268119812,0.77568119764328,0.6221036314964294,13210.0,2865.0,6018.0,9907.0
