Set,Pos Dist Mean,Neg Dist Mean,Triplet Loss Mean
Train,0.445333868265152,0.8501749038696289,0.595158576965332
Val,0.4381791949272156,0.8464183807373047,0.59176105260849
