Set,Triplet Loss Mean,Triplet Loss Std,Pos Dist Mean,Pos Dist Std,Neg Dist Mean,Neg Dist Std
Train,0.591926634311676,0.5172808766365051,0.44002434611320496,0.4230257570743561,0.8480976819992065,0.3138025999069214
Val,0.5882490277290344,0.513554036617279,0.43226751685142517,0.42028990387916565,0.8440184593200684,0.3174314498901367
