Set,Loss
Train,0.7166310548782349
Val,0.723413348197937
