Set,Loss,Mean Absolute Error,Mean Bbox Iou
Train,0.0009147668024525046,0.02165195904672146,0.8138141632080078
Val,0.0012917824788019061,0.024093791842460632,0.7986582517623901
