Set,Loss,Mean Absolute Error,Mean Bbox Iou
Train,0.00028295302763581276,0.012017796747386456,0.8879169225692749
Val,0.0007099782233126462,0.01668192446231842,0.8545181751251221
