Set,Loss,Mean Absolute Error,Mean Bbox Iou
Train,0.018993664532899857,0.10331681370735168,0.4372381269931793
Val,0.018701329827308655,0.10248785465955734,0.4383980631828308
