Set,Loss,Mean Absolute Error,Mean Bbox Iou
Train,0.018721556290984154,0.10270731151103973,0.4383329153060913
Val,0.018573259934782982,0.10225862264633179,0.4379255771636963
