Set,Loss,Mean Absolute Error,Mean Bbox Iou
Train,0.0007586952997371554,0.019925449043512344,0.8259899020195007
Val,0.0009391272906213999,0.02145071141421795,0.8159821629524231
