Set,Loss,Mean Absolute Error,Mean Bbox Iou
Train,0.019011396914720535,0.10357198864221573,0.4476830065250397
Val,0.018997564911842346,0.10345026850700378,0.44625309109687805
