Set,Loss,Mean Absolute Error,Mean Bbox Iou
Train,0.0004061738436575979,0.013611630536615849,0.8762215375900269
Val,0.0005612269160337746,0.014803820289671421,0.8681098818778992
