Set,Loss,Mean Absolute Error,Mean Bbox Iou
Train,0.0009781209519132972,0.021196456626057625,0.8191421031951904
Val,0.00101069628726691,0.021259548142552376,0.818615198135376
