Set,Loss,Mean Absolute Error,Mean Bbox Iou
Train,0.0003663890529423952,0.012764970771968365,0.8836693167686462
Val,0.0004520105430856347,0.01341845840215683,0.8793385624885559
