Set,Binary Accuracy,Precision,Recall,True Negatives,False Positives,False Negatives,True Positives
Train,0.7770625,0.7561095383904327,0.81796875,23557,8443,5825,26175
Val,0.774734375,0.7498649992894699,0.8245,23199,8801,5616,26384
