Set,Triplet Loss Mean,Triplet Loss Std,Pos Dist Mean,Pos Dist Std,Neg Dist Mean,Neg Dist Std
Train,0.5304363965988159,0.46540263295173645,0.36649006605148315,0.3708283007144928,0.836053729057312,0.30143699049949646
Val,0.5313833355903625,0.4622264504432678,0.3602874279022217,0.3672996759414673,0.8289040327072144,0.30630892515182495
