Set,Loss
Train,0.7119633555412292
Val,0.717464029788971
