Set,Loss,Mean Absolute Error,Mean Bbox Iou
Train,0.00022298016119748354,0.010538787581026554,0.9009292721748352
Val,0.00037050413084216416,0.012226139195263386,0.8881525993347168
