Set,Loss,Mean Absolute Error,Mean Bbox Iou
Train,0.0005200925515964627,0.01606501266360283,0.8561883568763733
Val,0.0007889627595432103,0.01802639849483967,0.8449581265449524
