Set,Loss,Mean Absolute Error,Mean Bbox Iou
Train,0.018705766648054123,0.10256209224462509,0.44064468145370483
Val,0.018597736954689026,0.10224859416484833,0.4392316937446594
