Set,Loss,Mean Absolute Error,Mean Bbox Iou
Train,0.0008509547915309668,0.019773511216044426,0.8286222219467163
Val,0.0008688418893143535,0.019805993884801865,0.8277503252029419
