Set,Loss,Mean Absolute Error,Mean Bbox Iou
Train,0.000871401687618345,0.020733436569571495,0.8224965333938599
Val,0.0008759712218306959,0.02051321603357792,0.8237983584403992
