Set,Loss,Mean Absolute Error,Mean Bbox Iou
Train,0.0008930886397138238,0.021301718428730965,0.8183294534683228
Val,0.0008805476245470345,0.021135956048965454,0.8187052607536316
