Set,Loss,Mean Absolute Error,Mean Bbox Iou
Train,0.0008578766137361526,0.020155007019639015,0.8255741000175476
Val,0.0009326881263405085,0.020444458350539207,0.8231624960899353
