Set,Loss,Mean Absolute Error,Mean Bbox Iou
Train,0.01902054250240326,0.10387470573186874,0.4454231858253479
Val,0.018950575962662697,0.10359078645706177,0.44399958848953247
