Set,Loss,Mean Absolute Error,Mean Bbox Iou
Train,0.018670445308089256,0.10245585441589355,0.44495099782943726
Val,0.018715394660830498,0.1025749072432518,0.4430180788040161
