Set,Loss,Mean Absolute Error,Mean Bbox Iou
Train,0.0004893727018497884,0.015559202060103416,0.8580295443534851
Val,0.0005933463689871132,0.01635349541902542,0.8520632982254028
