Set,Loss,Mean Absolute Error,Mean Bbox Iou
Train,0.0007247613393701613,0.01874258741736412,0.8364907503128052
Val,0.0007818056619726121,0.019140934571623802,0.8323704600334167
