Set,Loss,Mean Absolute Error,Mean Bbox Iou
Train,0.018660282716155052,0.10246733576059341,0.44126251339912415
Val,0.018613602966070175,0.102310910820961,0.4395836591720581
